{
  "project_info": {
    "project_number": "306650634575",
    "project_id": "ant-v-997bd",
    "storage_bucket": "ant-v-997bd.appspot.com"
  },
  "client": [
    {
      "client_info": {
        "mobilesdk_app_id": "1:306650634575:android:62375a11ca582b59724d3a",
        "android_client_info": {
          "package_name": "com.open.startant.app"
        }
      },
      "oauth_client": [
        {
          "client_id": "306650634575-r0uof865jeoepki8nlpotggpkr49r6tq.apps.googleusercontent.com",
          "client_type": 3
        }
      ],
      "api_key": [
        {
          "current_key": "AIzaSyAUrXm8CmDCH04ziYxo_ymR941EFofdk_I"
        }
      ],
      "services": {
        "appinvite_service": {
          "other_platform_oauth_client": [
            {
              "client_id": "306650634575-r0uof865jeoepki8nlpotggpkr49r6tq.apps.googleusercontent.com",
              "client_type": 3
            }
          ]
        }
      }
    }
  ],
  "configuration_version": "1"
}